Date,Price,Open,High,Low,Vol.
2019-10-01,"48,850","48,900","49,100","48,650",6.20M
2019-10-02,"47,600","48,350","48,400","47,600",8.37M
2019-10-03,"47,600","47,600","47,600","47,600",-
2019-10-04,"48,000","47,400","48,650","47,350",8.46M
2019-10-06,"48,000","48,000","48,000","48,000",-
2019-10-07,"47,750","48,350","48,700","47,650",6.47M
2019-10-08,"48,900","47,900","49,000","47,600",13.29M
2019-10-09,"48,900","48,900","48,900","48,900",-
2019-10-10,"48,550","48,200","49,200","48,000",17.84M
2019-10-11,"49,150","49,000","49,450","48,800",7.73M
2019-10-13,"49,150","49,150","49,150","49,150",-
2019-10-14,"50,000","50,000","50,300","49,850",10.87M
2019-10-15,"50,100","49,900","50,200","49,900",5.90M
2019-10-16,"50,700","50,700","50,900","50,400",9.01M
2019-10-17,"50,500","50,500","50,600","50,100",6.61M
2019-10-18,"49,900","50,300","50,900","49,650",8.40M
2019-10-20,"49,900","49,900","49,900","49,900",-
2019-10-21,"50,300","49,900","50,400","49,800",4.39M
2019-10-22,"51,200","50,800","51,500","50,700",10.71M
2019-10-23,"51,200","51,300","51,500","50,800",8.46M
2019-10-24,"50,700","52,500","52,500","50,500",10.77M
2019-10-25,"50,900","50,800","51,200","50,500",7.84M
2019-10-27,"50,900","50,900","50,900","50,900",-
2019-10-28,"51,300","50,700","51,500","50,700",6.34M
2019-10-29,"51,100","51,400","51,700","50,800",7.14M
2019-10-30,"50,400","50,700","50,800","50,200",8.87M
2019-10-31,"50,400","51,000","51,400","50,300",10.21M
2019-11-01,"51,200","50,600","51,200","50,400",7.54M
2019-11-03,"51,200","51,200","51,200","51,200",-
2019-11-04,"52,300","51,700","52,300","51,400",12.76M
2019-11-05,"52,700","52,400","52,700","52,100",10.12M
2019-11-06,"53,300","52,900","53,500","52,700",13.12M
2019-11-07,"52,900","53,400","53,400","52,400",9.14M
2019-11-08,"52,100","53,200","53,300","52,000",10.39M
2019-11-10,"52,100","52,100","52,100","52,100",-
2019-11-11,"51,600","52,200","52,200","51,400",8.18M
2019-11-12,"52,600","51,800","52,600","51,600",6.10M
2019-11-13,"52,500","52,500","52,500","52,000",6.22M
2019-11-14,"52,800","51,900","52,800","51,900",12.00M
2019-11-15,"53,700","52,900","53,700","52,600",9.68M
2019-11-17,"53,700","53,700","53,700","53,700",-
2019-11-18,"53,500","53,600","53,800","53,200",7.65M
2019-11-19,"53,500","53,200","53,500","52,700",8.10M
2019-11-20,"52,000","53,400","53,400","52,000",11.83M
2019-11-21,"51,000","51,600","52,100","50,600",14.25M
2019-11-22,"51,600","51,000","51,600","50,900",8.33M
2019-11-25,"51,800","52,200","52,600","51,700",9.01M
2019-11-26,"51,800","51,900","52,900","51,800",26.04M
2019-11-27,"52,200","51,800","52,300","51,600",7.19M
2019-11-28,"51,300","51,900","52,100","51,300",6.15M
2019-11-29,"50,300","51,200","51,400","50,200",11.01M
2019-12-01,"50,300","50,300","50,300","50,300",-
2019-12-02,"50,400","50,900","51,300","50,400",9.59M
2019-12-03,"49,900","49,800","50,300","49,500",12.00M
2019-12-04,"49,450","49,600","49,850","49,000",12.96M
2019-12-05,"49,500","50,200","50,400","49,500",10.02M
2019-12-06,"50,400","50,100","50,900","49,950",10.87M
2019-12-08,"50,400","50,400","50,400","50,400",-
2019-12-09,"51,200","50,900","51,400","50,700",8.27M
2019-12-10,"51,500","51,000","51,600","50,700",6.87M
2019-12-11,"51,900","51,500","52,200","51,400",11.00M
2019-12-12,"53,300","53,000","53,300","52,700",28.45M
2019-12-13,"54,700","54,500","54,800","53,900",17.59M
2019-12-15,"54,700","54,700","54,700","54,700",-
2019-12-16,"54,700","54,500","54,900","54,300",11.10M
2019-12-17,"56,700","55,800","56,700","55,400",18.75M
2019-12-18,"56,300","56,700","57,200","56,000",15.49M
2019-12-19,"56,000","57,000","57,300","55,500",13.95M
2019-12-20,"56,000","56,100","56,500","55,600",12.07M
2019-12-22,"56,000","56,000","56,000","56,000",-
2019-12-23,"55,500","56,100","56,400","55,100",9.49M
2019-12-24,"55,000","55,600","55,700","54,800",9.19M
2019-12-25,"55,000","55,000","55,000","55,000",-
2019-12-26,"55,400","54,700","55,400","54,400",9.57M
2019-12-27,"56,500","55,700","56,900","55,500",12.29M
2019-12-29,"56,500","56,500","56,500","56,500",-
2019-12-30,"55,800","56,200","56,600","55,700",8.35M
2020-01-02,"55,200","55,500","56,000","55,000",12.76M
2020-01-03,"55,500","56,000","56,600","54,900",15.31M
2020-01-05,"55,500","55,500","55,500","55,500",-
2020-01-06,"55,500","54,900","55,600","54,600",10.24M
2020-01-07,"55,800","55,700","56,400","55,600",9.89M
2020-01-08,"56,800","56,200","57,400","55,900",23.33M
2020-01-09,"58,600","58,400","58,600","57,400",23.23M
2020-01-10,"59,500","58,800","59,700","58,300",15.83M
2020-01-12,"59,500","59,500","59,500","59,500",-
2020-01-13,"60,000","59,600","60,000","59,100",11.26M
2020-01-14,"60,000","60,400","61,000","59,900",16.08M
2020-01-15,"59,000","59,500","59,600","58,900",13.72M
2020-01-16,"60,700","59,100","60,700","59,000",13.56M
2020-01-17,"61,300","61,900","62,000","61,000",15.45M
2020-01-19,"61,300","61,300","61,300","61,300",-
2020-01-20,"62,400","62,000","62,800","61,700",12.46M
2020-01-21,"61,400","62,000","62,400","61,200",11.11M
2020-01-22,"62,300","60,500","62,600","60,400",15.05M
2020-01-23,"60,800","61,800","61,800","60,700",14.88M
2020-01-27,"60,800","60,800","60,800","60,800",-
2020-01-28,"58,800","59,400","59,400","58,300",22.63M
2020-01-29,"59,100","59,100","59,700","58,800",16.26M
2020-01-30,"57,200","58,800","58,800","56,800",20.72M
2020-01-31,"56,400","57,800","58,400","56,400",19.49M
2020-02-02,"56,400","56,400","56,400","56,400",-
2020-02-03,"57,200","55,500","57,400","55,200",22.91M
2020-02-04,"58,900","57,100","59,000","56,800",21.10M
2020-02-05,"59,500","60,000","60,200","58,900",18.19M
2020-02-06,"61,100","60,100","61,100","59,700",14.68M
2020-02-07,"60,400","61,100","61,200","59,700",16.27M
2020-02-09,"60,400","60,400","60,400","60,400",-
2020-02-10,"59,700","59,200","59,800","59,100",12.69M
2020-02-11,"59,900","59,800","60,700","59,700",10.95M
2020-02-12,"60,500","60,300","60,700","59,700",12.73M
2020-02-13,"60,700","61,200","61,600","60,500",18.34M
2020-02-14,"61,800","60,900","61,900","60,200",13.26M
2020-02-16,"61,800","61,800","61,800","61,800",-
2020-02-17,"61,500","61,600","62,000","61,200",8.49M
2020-02-18,"59,800","60,800","60,900","59,700",16.63M
2020-02-19,"60,200","59,800","60,400","59,400",12.94M
2020-02-20,"60,000","60,700","61,300","59,600",14.51M
2020-02-21,"59,200","58,800","59,800","58,500",13.28M
2020-02-23,"59,200","59,200","59,200","59,200",-
2020-02-24,"56,800","57,400","58,100","56,800",25.36M
2020-02-25,"57,900","56,200","58,000","56,200",23.07M
2020-02-26,"56,500","56,000","57,000","56,000",25.38M
2020-02-27,"55,900","56,300","56,900","55,500",22.36M
2020-02-28,"54,200","55,000","55,500","54,200",29.91M
2020-03-01,"54,200","54,200","54,200","54,200",-
2020-03-02,"55,000","54,300","55,500","53,600",29.21M
2020-03-03,"55,400","56,700","56,900","55,100",29.81M
2020-03-04,"57,400","54,800","57,600","54,600",24.32M
2020-03-05,"57,800","57,600","58,000","56,700",21.66M
2020-03-06,"56,500","56,500","57,200","56,200",18.59M
2020-03-08,"56,500","56,500","56,500","56,500",-
2020-03-09,"54,200","54,700","55,000","53,600",30.01M
2020-03-10,"54,600","53,800","54,900","53,700",31.33M
2020-03-11,"52,100","54,300","54,400","52,000",37.83M
2020-03-12,"50,800","51,000","51,900","49,300",47.90M
2020-03-13,"49,950","47,450","51,600","46,850",58.33M
2020-03-15,"49,950","49,950","49,950","49,950",-
2020-03-16,"48,900","50,100","50,900","48,800",33.06M
2020-03-17,"47,300","46,900","49,650","46,700",50.59M
2020-03-18,"45,600","47,750","48,350","45,600",38.15M
2020-03-19,"42,950","46,500","46,600","42,300",0.64K
2020-03-20,"45,400","44,150","45,500","43,550",49.16M
2020-03-22,"45,400","45,400","45,400","45,400",-
2020-03-23,"42,500","42,600","43,550","42,400",29.15K
2020-03-24,"46,950","43,800","46,950","43,100",0.89K
2020-03-25,"48,650","48,950","49,600","47,150",45.01K
2020-03-26,"47,800","48,950","49,300","47,750",3.39K
2020-03-27,"48,300","49,600","49,700","46,850",39.73M
2020-03-29,"48,300","48,300","48,300","48,300",-
2020-03-30,"47,850","47,050","48,350","46,550",26.67M
2020-03-31,"47,750","48,000","48,500","47,150",30.48M
2020-04-01,"45,800","47,450","47,900","45,800",27.08M
2020-04-02,"46,800","46,200","46,850","45,350",21.41M
2020-04-03,"47,000","47,400","47,600","46,550",22.46M
2020-04-05,"47,000","47,000","47,000","47,000",-
2020-04-06,"48,700","47,500","48,800","47,250",23.09M
2020-04-07,"49,600","49,650","50,200","49,000",31.24M
2020-04-08,"48,600","49,600","49,750","48,600",24.87M
2020-04-09,"49,100","49,750","49,800","48,700",22.47M
2020-04-10,"49,250","48,950","49,250","48,650",17.79M
2020-04-12,"49,250","49,250","49,250","49,250",-
2020-04-13,"48,300","48,650","48,900","48,300",14.38M
2020-04-14,"49,000","48,800","49,200","48,300",14.10M
2020-04-15,"49,000","49,000","49,000","49,000",-
2020-04-16,"49,000","49,350","49,350","48,550",22.57M
2020-04-17,"51,400","50,800","52,000","50,300",31.74M
2020-04-19,"51,400","51,400","51,400","51,400",-
2020-04-20,"50,100","51,400","51,400","50,000",21.58M
2020-04-21,"49,250","49,400","49,700","48,700",26.89M
2020-04-22,"49,850","48,700","50,000","48,350",18.54M
2020-04-23,"49,850","50,200","50,300","49,500",17.93M
2020-04-24,"49,350","49,650","49,750","49,000",15.56M
2020-04-26,"49,350","49,350","49,350","49,350",-
2020-04-27,"49,850","49,350","50,000","49,100",13.74M
2020-04-28,"50,100","49,850","50,100","49,300",15.69M
2020-04-29,"50,000","49,900","50,500","49,600",15.56M
2020-05-03,"50,000","50,000","50,000","50,000",-
2020-05-04,"48,500","48,900","49,100","48,500",25.80M
2020-05-05,"48,500","48,500","48,500","48,500",-
2020-05-06,"49,200","49,000","49,200","48,500",18.00M
2020-05-07,"48,800","49,200","49,300","48,700",13.73M
2020-05-08,"48,800","49,100","49,350","48,800",15.13M
2020-05-10,"48,800","48,800","48,800","48,800",-
2020-05-11,"48,400","48,900","49,250","48,300",15.94M
2020-05-12,"47,900","48,400","48,500","47,550",22.07M
2020-05-13,"48,550","47,250","48,550","47,200",26.96K
2020-05-14,"48,000","47,800","48,100","47,650",5.42K
2020-05-15,"47,850","48,400","48,450","47,700",17.79M
2020-05-17,"47,850","47,850","47,850","47,850",-
2020-05-18,"48,800","47,950","49,100","47,600",0.21K
2020-05-19,"50,300","50,100","50,500","49,700",8.24K
2020-05-20,"50,000","50,000","50,200","49,800",12.86M
2020-05-21,"49,950","50,300","50,400","49,850",14.58M
2020-05-22,"48,750","49,600","49,800","48,600",19.29M
2020-05-24,"48,750","48,750","48,750","48,750",-
2020-05-25,"48,850","48,750","48,900","48,450",1.22K
2020-05-26,"49,250","48,700","49,450","48,600",15.73K
2020-05-27,"49,900","48,950","50,000","48,800",1.96K
2020-05-28,"50,400","51,000","51,200","49,950",2.43K
2020-05-29,"50,700","50,000","50,700","49,700",26.33M
2020-05-31,"50,700","50,700","50,700","50,700",-
2020-06-01,"51,200","50,800","51,200","50,600",35.32K
2020-06-02,"51,400","51,100","51,500","50,800",0.12K
2020-06-03,"54,500","51,800","55,000","51,700",4.73K
2020-06-04,"54,600","55,800","56,900","54,600",4.92K
2020-06-05,"55,500","54,400","55,900","54,000",22.40M
2020-06-07,"55,500","55,500","55,500","55,500",-
2020-06-08,"54,900","56,500","56,500","54,700",0.50K
2020-06-09,"55,500","55,900","56,400","54,500",12.26K
2020-06-10,"55,400","55,200","55,900","54,900",6.58K
2020-06-11,"54,300","54,500","55,100","53,200",1.17K
2020-06-12,"52,300","52,100","52,800","51,500",26.38M
2020-06-14,"52,300","52,300","52,300","52,300",-
2020-06-15,"49,900","51,400","52,000","49,900",1.70K
2020-06-16,"52,100","51,200","52,100","50,600",21.42M
2020-06-17,"52,200","52,500","52,600","52,000",22.81K
2020-06-18,"52,300","52,100","52,300","51,600",4.82K
2020-06-19,"52,900","52,600","52,900","51,600",17.47M
2020-06-21,"52,900","52,900","52,900","52,900",-
2020-06-22,"52,000","52,100","52,600","51,800",0.06K
2020-06-23,"51,400","52,500","52,700","51,100",1.70K
2020-06-24,"52,900","51,900","53,900","51,600",2.28K
2020-06-25,"51,900","52,200","53,000","51,900",0.06K
2020-06-26,"53,300","52,800","53,900","52,200",21.42M
2020-06-28,"53,300","53,300","53,300","53,300",-
2020-06-29,"52,400","52,600","53,200","52,000",0.06K
2020-06-30,"52,800","53,800","53,800","52,800",0.04K
2020-07-01,"52,600","53,400","53,500","52,400",1.58K
2020-07-02,"52,900","52,300","52,900","52,200",0.55K
2020-07-03,"53,600","53,000","53,600","52,700",11.82M
2020-07-05,"53,600","53,600","53,600","53,600",-
2020-07-06,"55,000","53,900","55,000","53,800",0.50K
2020-07-07,"53,400","55,900","55,900","53,400",13.78K
2020-07-08,"53,000","53,600","53,900","52,900",0.22K
2020-07-09,"52,800","53,300","53,600","52,800",2.64K
2020-07-10,"52,700","53,100","53,200","52,300",13.65M
2020-07-13,"53,400","53,500","53,700","53,300",5.33K
2020-07-14,"53,800","53,700","53,800","53,200",0.46K
2020-07-15,"54,700","54,400","55,000","54,400",1.39K
2020-07-16,"53,800","54,800","54,800","53,800",3.29K
2020-07-17,"54,400","54,200","54,700","54,100",10.04M
2020-07-19,"54,400","54,400","54,400","54,400",-
2020-07-20,"54,200","54,700","54,800","54,100",0.94K
2020-07-21,"55,300","55,100","55,400","54,800",5.85K
2020-07-22,"54,700","55,300","55,500","54,700",3.04K
2020-07-23,"54,100","54,700","54,700","53,800",15.91M
2020-07-24,"54,200","54,000","54,400","53,700",10.91M
2020-07-26,"54,200","54,200","54,200","54,200",-
2020-07-27,"55,600","54,400","55,700","54,400",2.47K
2020-07-28,"58,600","56,800","58,800","56,400",64.78K
2020-07-29,"59,000","60,300","60,300","58,600",1.24K
2020-07-30,"59,000","59,700","60,100","59,000",4.60K
2020-07-31,"57,900","59,500","59,600","57,700",21.86M
2020-08-02,"57,900","57,900","57,900","57,900",-
2020-08-03,"56,800","57,900","57,900","56,700",0.40K
2020-08-04,"57,300","57,200","58,100","57,000",1.92K
2020-08-05,"56,900","57,400","57,400","56,300",6.31K
2020-08-06,"58,000","57,200","58,400","57,100",7.87K
2020-08-07,"57,500","57,900","58,400","57,100",18.16M
2020-08-09,"57,500","57,500","57,500","57,500",-
2020-08-10,"57,800","57,600","58,300","57,500",1.18K
2020-08-11,"58,200","58,000","59,500","57,800",52.17K
2020-08-12,"59,000","58,300","59,000","57,700",1.60K
2020-08-13,"58,700","59,300","59,500","58,000",11.01K
2020-08-14,"58,000","58,000","58,400","57,700",15.60M
2020-08-17,"58,000","58,000","58,000","58,000",-
2020-08-18,"58,400","59,000","59,900","58,000",1.64K
2020-08-19,"57,800","59,000","59,200","57,800",18.42K
2020-08-20,"55,400","57,600","57,600","55,300",3.81K
2020-08-21,"55,900","56,200","56,900","55,800",21.09M
2020-08-23,"55,900","55,900","55,900","55,900",-
2020-08-24,"56,100","55,800","56,600","55,400",0.21K
2020-08-25,"56,400","56,500","56,800","56,100",1.55K
2020-08-26,"56,400","56,300","56,500","55,700",3.55K
2020-08-27,"55,600","56,300","56,300","55,600",1.82K
2020-08-28,"55,400","56,100","56,300","55,400",14.53M
2020-08-30,"55,400","55,400","55,400","55,400",-
2020-08-31,"54,000","56,000","56,100","54,000",2.27K
2020-09-01,"54,200","54,100","54,800","54,100",17.39M
2020-09-02,"54,400","54,600","55,100","54,100",0.69K
2020-09-03,"56,400","55,500","56,700","55,500",6.65K
2020-09-04,"55,600","55,200","55,800","55,100",21.98M
2020-09-06,"55,600","55,600","55,600","55,600",-
2020-09-07,"56,500","56,000","57,300","55,800",0.24K
2020-09-08,"58,700","57,400","58,700","57,200",24.53K
2020-09-09,"58,400","58,300","59,300","57,800",1.88K
2020-09-10,"59,200","59,800","60,000","59,100",7.50K
2020-09-11,"59,000","59,300","59,400","58,200",15.93M
2020-09-13,"59,000","59,000","59,000","59,000",-
2020-09-14,"60,400","60,300","60,700","60,000",0.71K
2020-09-15,"61,000","60,800","61,000","60,500",2.07K
2020-09-16,"61,000","61,100","61,300","60,600",7.27K
2020-09-17,"59,500","60,600","60,800","59,300",11.07K
2020-09-18,"59,300","59,800","59,900","59,100",18.63M
2020-09-20,"59,300","59,300","59,300","59,300",-
2020-09-21,"59,200","59,100","60,000","59,000",14.95M
2020-09-22,"58,200","59,200","59,700","57,800",0.64K
2020-09-23,"58,600","58,400","58,800","57,500",5.73K
2020-09-24,"57,800","57,700","58,600","57,600",17.49M
2020-09-25,"57,900","57,700","58,200","57,700",10.58M
2020-09-27,"57,900","57,900","57,900","57,900",-
2020-09-28,"58,200","58,300","58,800","57,900",12.56M
2020-09-29,"58,200","58,300","59,000","58,200",13.54M
2020-10-04,"58,200","58,200","58,200","58,200",-
2020-10-05,"58,700","57,700","59,200","57,700",0.14K
2020-10-06,"59,000","59,400","59,800","58,700",1.78K
2020-10-07,"59,900","58,700","59,900","58,500",0.12K
2020-10-08,"59,700","60,500","60,700","59,500",24.40M
2020-10-11,"59,700","59,700","59,700","59,700",-
2020-10-12,"60,400","60,100","60,400","59,900",0.13K
2020-10-13,"60,900","61,000","61,400","60,400",19.18M
2020-10-14,"60,900","61,000","61,100","60,500",1.86K
2020-10-15,"60,000","60,800","60,800","59,700",4.80K
2020-10-16,"59,500","60,000","60,400","59,000",16.03M
2020-10-18,"59,500","59,500","59,500","59,500",-
2020-10-19,"60,000","59,700","60,200","59,500",10.54K
2020-10-20,"60,900","60,200","60,900","60,100",0.33K
2020-10-21,"60,900","61,100","61,500","60,600",1.04K
2020-10-22,"60,100","60,400","60,500","59,800",0.39K
2020-10-23,"60,200","60,400","60,400","59,800",8.43M
2020-10-25,"60,200","60,200","60,200","60,200",-
2020-10-26,"60,400","60,300","61,100","60,100",2.21K
2020-10-27,"59,800","60,200","60,200","59,500",0.79K
2020-10-28,"59,000","59,400","59,400","58,800",0.66K
2020-10-29,"58,100","58,200","58,500","57,500",16.16K
2020-10-30,"56,600","58,000","58,000","56,600",26.28M
2020-11-01,"56,600","56,600","56,600","56,600",-
2020-11-02,"57,400","56,400","57,500","56,000",1.58K
2020-11-03,"58,800","57,800","58,900","57,700",0.14K
2020-11-04,"58,500","59,000","59,000","57,900",2.49K
2020-11-05,"60,300","59,000","60,300","58,800",1.00K
2020-11-06,"60,100","60,700","60,800","59,600",16.82M
2020-11-08,"60,100","60,100","60,100","60,100",-
2020-11-09,"60,200","60,700","60,900","60,100",1.62K
2020-11-10,"60,200","60,500","60,500","59,500",7.03K
2020-11-11,"61,300","60,700","61,400","60,400",6.56K
2020-11-12,"61,000","60,900","61,400","60,700",0.55K
2020-11-13,"63,200","61,300","63,200","61,000",31.31M
2020-11-15,"63,200","63,200","63,200","63,200",-
2020-11-16,"66,300","63,900","66,600","63,900",8.20K
2020-11-17,"65,700","66,900","66,900","65,700",18.63K
2020-11-18,"64,800","65,700","66,100","64,700",3.61K
2020-11-19,"64,600","64,200","64,800","63,900",2.15K
2020-11-20,"64,700","63,900","65,200","63,900",14.84M
2020-11-22,"64,700","64,700","64,700","64,700",-
2020-11-23,"67,500","64,800","67,800","64,800",1.02K
2020-11-24,"67,700","67,800","69,400","67,000",2.23K
2020-11-25,"66,600","67,800","68,300","66,500",6.03K
2020-11-26,"68,000","66,300","68,000","66,100",2.15K
2020-11-27,"68,200","68,000","68,400","67,600",13.93M
2020-11-29,"68,200","68,200","68,200","68,200",-
2020-11-30,"66,700","68,400","68,600","66,700",39.86M
2020-12-01,"67,800","67,200","68,300","67,100",0.26K
2020-12-02,"69,500","68,400","69,900","68,300",27.83M
2020-12-03,"69,700","69,500","70,500","69,300",0.22K
2020-12-04,"71,500","70,400","72,100","70,100",27.84M
2020-12-06,"71,500","71,500","71,500","71,500",-
2020-12-07,"72,900","72,400","73,500","72,000",6.47K
2020-12-08,"71,700","72,300","72,900","71,600",4.53K
2020-12-09,"73,900","72,100","73,900","72,100",5.79K
2020-12-10,"72,900","72,800","73,800","72,500",0.99K
2020-12-11,"73,400","73,500","73,800","73,100",18.42M
2020-12-13,"73,400","73,400","73,400","73,400",-
2020-12-14,"73,800","73,600","74,500","73,200",6.44K
2020-12-15,"73,800","73,800","74,100","73,300",20.48M
2020-12-16,"73,800","74,200","74,500","73,400",0.66K
2020-12-17,"73,300","73,500","73,700","72,600",1.69K
2020-12-18,"73,000","73,300","73,700","73,000",17.38M
2020-12-20,"73,000","73,000","73,000","73,000",-
2020-12-21,"73,000","73,100","73,400","72,000",1.65K
2020-12-22,"72,300","72,500","73,200","72,200",0.89K
2020-12-23,"73,900","72,300","74,000","72,300",6.05K
2020-12-24,"77,800","74,100","78,800","74,000",32.32M
2020-12-27,"77,800","77,800","77,800","77,800",-
2020-12-28,"78,700","79,000","80,100","78,300",31.84K
2020-12-29,"78,300","78,800","78,900","77,300",12.86K
2020-12-30,"81,000","77,400","81,300","77,300",29.12M
2021-01-04,"83,000","81,000","84,300","80,300",24.25K
2021-01-05,"83,900","81,700","83,900","81,700",8.14K
2021-01-06,"82,200","83,400","84,400","82,100",13.53K
2021-01-07,"82,900","82,800","84,200","82,700",32.47M
2021-01-08,"88,800","83,300","90,000","83,000",57.52M
2021-01-10,"88,800","88,800","88,800","88,800",-
2021-01-11,"91,000","90,100","96,700","90,000",41.26K
2021-01-12,"90,600","90,500","91,300","87,900",29.49K
2021-01-13,"89,700","89,900","91,100","89,200",35.22K
2021-01-14,"89,700","88,800","90,000","88,700",8.26K
2021-01-15,"88,000","89,800","91,800","88,000",33.12M
2021-01-17,"88,000","88,000","88,000","88,000",-
2021-01-18,"85,000","86,700","87,300","84,200",19.68K
2021-01-19,"87,000","84,600","88,000","83,600",7.56K
2021-01-20,"87,200","88,900","88,900","86,500",3.38K
2021-01-21,"88,100","87,500","88,600","86,500",5.95K
2021-01-22,"86,800","89,000","89,700","86,800",30.43M
2021-01-24,"86,800","86,800","86,800","86,800",-
2021-01-25,"89,400","87,100","89,900","86,400",25.11K
2021-01-26,"86,700","88,800","89,200","86,500",6.49K
2021-01-27,"85,600","86,700","87,700","85,600",25.96K
2021-01-28,"83,700","83,400","85,600","83,300",2.27K
2021-01-29,"82,000","84,500","85,000","82,000",36.70M
2021-01-31,"82,000","82,000","82,000","82,000",-
2021-02-01,"83,000","81,800","83,400","81,000",1.45K
2021-02-02,"84,400","84,100","86,300","83,700",0.51K
2021-02-03,"84,600","84,800","85,400","83,400",8.89K
2021-02-04,"82,500","83,500","83,800","82,100",2.51K
2021-02-05,"83,500","83,100","84,000","82,500",17.14M
2021-02-07,"83,500","83,500","83,500","83,500",-
2021-02-08,"83,000","83,800","84,200","83,000",2.14K
2021-02-09,"82,700","84,000","84,800","82,700",5.17K
2021-02-10,"81,600","82,600","82,600","81,600",22.58M
2021-02-14,"81,600","81,600","81,600","81,600",-
2021-02-15,"84,200","83,700","84,500","83,400",0.80K
2021-02-16,"84,900","84,500","86,000","84,200",24.26K
2021-02-17,"83,200","83,900","84,200","83,000",16.79K
2021-02-18,"82,100","83,200","83,600","82,100",24.28K
2021-02-19,"82,600","82,300","82,800","81,000",25.47M
2021-02-21,"82,600","82,600","82,600","82,600",-
2021-02-22,"82,200","83,800","84,200","82,200",17.48K
2021-02-23,"82,000","81,300","82,900","81,100",7.03K
2021-02-24,"82,000","81,900","83,600","81,400",0.98K
2021-02-25,"85,300","84,000","85,400","83,000",6.35K
2021-02-26,"82,500","82,800","83,400","82,000",36.72M
2021-03-01,"82,500","82,500","82,500","82,500",-
2021-03-02,"83,600","85,000","85,300","83,000",7.76K
2021-03-03,"84,000","83,400","84,000","82,800",3.80K
2021-03-04,"82,400","82,700","83,100","82,200",8.75K
2021-03-05,"82,100","81,100","82,600","81,100",20.35M
2021-03-07,"82,100","82,100","82,100","82,100",-
2021-03-08,"82,000","83,000","83,000","81,600",6.72K
2021-03-09,"81,400","81,500","81,900","80,600",1.24K
2021-03-10,"80,900","82,400","82,500","80,700",8.86K
2021-03-11,"82,000","81,000","82,500","81,000",0.96K
2021-03-12,"82,800","83,100","83,500","82,400",13.41M
2021-03-14,"82,800","82,800","82,800","82,800",-
2021-03-15,"81,800","82,800","82,900","81,800",0.40K
2021-03-16,"82,800","82,300","83,000","82,100",3.55K
2021-03-17,"82,300","82,800","82,800","82,100",32.00K
2021-03-18,"82,900","82,800","83,800","82,600",2.15K
2021-03-19,"81,900","82,100","82,500","81,800",15.69M
2021-03-21,"81,900","81,900","81,900","81,900",-
2021-03-22,"82,000","82,000","82,300","81,700",12.55M
2021-03-23,"81,800","82,500","82,800","81,800",5.98K
2021-03-24,"81,000","81,100","81,600","80,700",14.93K
2021-03-25,"81,200","80,900","82,100","80,800",0.45K
2021-03-26,"81,500","81,400","81,600","81,000",12.73M
2021-03-28,"81,500","81,500","81,500","81,500",-
2021-03-29,"81,600","81,700","81,700","81,000",9.87K
2021-03-30,"82,200","81,600","82,300","81,300",13.05M
2021-03-31,"81,400","82,100","82,100","81,400",0.54K
2021-04-01,"82,900","82,400","83,000","82,000",0.93K
2021-04-02,"84,800","84,000","85,200","83,900",22.89M
2021-04-04,"84,800","84,800","84,800","84,800",-
2021-04-05,"85,400","85,800","86,000","84,800",0.84K
2021-04-06,"86,000","86,100","86,200","85,100",10.26K
2021-04-07,"85,600","86,100","86,200","85,400",5.60K
2021-04-08,"84,700","85,700","85,700","84,100",19.17M
2021-04-09,"83,600","84,700","84,900","83,400",17.79M
2021-04-11,"83,600","83,600","83,600","83,600",-
2021-04-12,"83,200","84,000","84,100","83,100",16.47K
2021-04-13,"84,000","83,000","84,500","82,900",1.05K
2021-04-14,"84,000","84,100","84,300","83,400",4.37K
2021-04-15,"84,100","83,700","84,500","83,400",1.01K
2021-04-16,"83,900","84,700","84,700","83,600",15.34M
2021-04-18,"83,900","83,900","83,900","83,900",-
2021-04-19,"83,300","83,900","84,000","83,300",11.08K
2021-04-20,"83,900","83,300","84,000","83,200",4.40K
2021-04-21,"82,600","83,400","83,500","82,500",0.44K
2021-04-22,"82,400","82,800","83,000","82,400",8.15K
2021-04-23,"82,800","81,900","82,900","81,600",17.74M
2021-04-25,"82,800","82,800","82,800","82,800",-
2021-04-26,"83,500","82,900","83,500","82,600",3.37K
2021-04-27,"82,900","83,300","83,300","82,500",3.86K
2021-04-28,"82,100","83,100","83,200","82,100",6.80K
2021-04-29,"81,700","82,400","82,400","81,500",2.84K
2021-04-30,"81,500","81,900","82,100","81,500",17.26M
2021-05-02,"81,500","81,500","81,500","81,500",-
2021-05-03,"81,700","81,000","82,400","81,000",15.58M
2021-05-04,"82,600","81,900","82,600","81,800",12.29M
2021-05-05,"82,600","82,600","82,600","82,600",-
2021-05-06,"82,300","81,700","82,300","81,700",16.85M
2021-05-07,"81,900","81,800","82,100","81,500",12.80M
2021-05-09,"81,900","81,900","81,900","81,900",-
2021-05-10,"83,200","82,300","83,500","81,800",7.02K
2021-05-11,"81,200","82,500","82,500","81,100",12.16K
2021-05-12,"80,000","80,900","81,100","79,800",9.71K
2021-05-13,"78,500","78,900","79,600","78,500",4.26K
2021-05-14,"80,100","79,000","80,300","78,900",16.37M
2021-05-16,"80,100","80,100","80,100","80,100",-
2021-05-17,"79,600","80,900","80,900","79,200",6.45K
2021-05-18,"79,600","79,600","80,000","79,100",17.27M
2021-05-19,"79,600","79,600","79,600","79,600",-
2021-05-20,"79,500","79,400","79,700","79,100",0.32K
2021-05-21,"80,100","80,100","81,500","79,800",20.80M
2021-05-23,"80,100","80,100","80,100","80,100",-
2021-05-24,"79,700","80,100","80,400","79,500",0.88K
2021-05-25,"79,900","80,000","80,400","79,800",12.55M
2021-05-26,"79,800","80,300","80,500","79,700",0.79K
2021-05-27,"79,600","80,000","80,000","79,100",1.51K
2021-05-28,"80,100","79,800","80,400","79,400",12.27M
2021-05-30,"80,100","80,100","80,100","80,100",-
2021-05-31,"80,500","80,300","80,600","79,600",13.28M
2021-06-01,"80,600","80,400","81,200","80,100",4.06K
2021-06-02,"80,800","80,400","81,400","80,300",1.27K
2021-06-03,"82,800","81,300","83,000","81,100",12.10K
2021-06-04,"82,200","82,700","82,700","81,500",18.06M
2021-06-06,"82,200","82,200","82,200","82,200",-
2021-06-07,"81,900","82,700","82,800","81,600",3.95K
2021-06-08,"81,900","82,300","82,600","81,800",13.46K
2021-06-09,"81,100","81,600","82,000","81,100",4.87K
2021-06-10,"81,000","81,400","81,400","80,900",0.32K
2021-06-11,"81,000","81,200","81,700","80,700",13.81M
2021-06-13,"81,000","81,000","81,000","81,000",-
2021-06-14,"80,500","80,900","80,900","80,500",1.07K
2021-06-15,"80,900","80,900","81,200","80,600",9.84M
2021-06-16,"81,800","81,400","81,900","81,100",2.27K
2021-06-17,"80,900","81,200","81,200","80,700",0.39K
2021-06-18,"80,500","81,100","81,100","80,500",14.62M
2021-06-20,"80,500","80,500","80,500","80,500",-
2021-06-21,"79,900","79,700","80,000","79,600",15.99M
2021-06-22,"80,000","80,200","80,300","79,900",1.38K
2021-06-23,"80,100","80,600","80,600","79,900",2.25K
2021-06-24,"81,200","80,300","81,400","80,100",2.11K
2021-06-25,"81,600","81,500","81,900","81,200",12.97M
2021-06-27,"81,600","81,600","81,600","81,600",-
2021-06-28,"81,900","81,700","82,000","81,600",56.64K
2021-06-29,"81,000","81,900","82,100","80,800",1.58K
2021-06-30,"80,700","81,200","81,400","80,700",0.97K
2021-07-01,"80,100","80,600","80,600","80,000",13.59K
2021-07-02,"80,000","80,000","80,400","79,900",8.18M
2021-07-04,"80,000","80,000","80,000","80,000",-
2021-07-05,"80,400","80,200","80,800","80,000",0.76K
2021-07-06,"81,200","80,500","81,200","80,500",22.57K
2021-07-07,"80,800","81,300","81,300","80,300",9.41K
2021-07-08,"79,900","81,100","81,100","79,900",6.82K
2021-07-09,"79,400","79,600","79,800","79,000",22.41M
2021-07-11,"79,400","79,400","79,400","79,400",-
2021-07-12,"79,700","79,900","80,000","79,500",0.77K
2021-07-13,"79,800","79,900","80,200","79,800",8.22K
2021-07-14,"79,500","79,400","79,600","79,100",11.41M
2021-07-15,"80,600","79,800","80,600","79,500",0.70K
2021-07-16,"79,800","80,100","80,100","79,500",10.78M
2021-07-18,"79,800","79,800","79,800","79,800",-
2021-07-19,"79,000","79,200","79,200","78,800",2.48K
2021-07-20,"79,000","78,600","79,000","78,400",0.55K
2021-07-21,"78,500","79,000","79,100","78,500",0.17K
2021-07-22,"79,700","79,000","79,800","78,900",11.63K
2021-07-23,"79,300","79,700","79,900","79,200",8.98M
2021-07-25,"79,300","79,300","79,300","79,300",-
2021-07-26,"78,800","79,400","79,500","78,800",1.25K
2021-07-27,"78,500","79,100","79,300","78,500",4.44K
2021-07-28,"79,200","78,200","79,200","78,100",9.00K
2021-07-29,"79,000","78,900","79,300","78,800",3.62K
2021-07-30,"78,500","78,900","78,900","78,500",13.12M
2021-08-01,"78,500","78,500","78,500","78,500",-
2021-08-02,"79,300","79,100","79,500","78,700",1.55K
2021-08-03,"81,400","79,400","81,400","79,300",1.46K
2021-08-04,"82,900","82,100","83,100","81,800",25.81K
2021-08-05,"82,100","83,200","83,300","82,000",2.46K
2021-08-06,"81,500","81,900","82,500","81,300",13.28M
2021-08-08,"81,500","81,500","81,500","81,500",-
2021-08-09,"81,500","81,500","82,300","80,900",15.37M
2021-08-10,"80,200","82,300","82,300","80,100",13.75K
2021-08-11,"78,500","79,600","79,800","78,500",29.83M
2021-08-12,"77,000","77,300","78,200","76,900",57.26K
2021-08-13,"74,400","75,800","76,000","74,100",60.80M
2021-08-16,"74,400","74,400","74,400","74,400",-
2021-08-17,"74,200","74,300","75,100","74,000",7.44K
2021-08-18,"73,900","73,900","74,600","73,100",28.93M
2021-08-19,"73,100","73,500","74,400","73,100",18.14K
2021-08-20,"72,700","73,500","73,900","72,500",22.12M
2021-08-22,"72,700","72,700","72,700","72,700",-
2021-08-23,"73,300","73,300","74,000","73,000",19.30M
2021-08-24,"75,600","73,900","75,700","73,900",0.37K
2021-08-25,"75,700","76,200","76,500","74,900",2.00K
2021-08-26,"74,600","76,100","76,200","74,600",4.67K
2021-08-27,"74,300","74,300","75,000","73,800",15.06M
2021-08-29,"74,300","74,300","74,300","74,300",-
2021-08-30,"74,600","75,400","75,400","74,200",4.29K
2021-08-31,"76,700","74,800","76,700","74,300",16.70K
2021-09-01,"76,800","76,600","77,100","75,900",0.84K
2021-09-02,"76,000","76,800","76,800","75,700",1.76K
2021-09-03,"76,600","76,400","76,700","76,000",11.89M
2021-09-05,"76,600","76,600","76,600","76,600",-
2021-09-06,"77,300","76,800","77,600","76,600",3.42K
2021-09-07,"76,100","77,100","77,100","75,900",2.76K
2021-09-08,"76,300","76,100","76,400","75,600",1.09K
2021-09-09,"75,300","76,300","76,600","75,000",1.06K
2021-09-10,"75,300","75,300","75,600","74,800",10.04M
2021-09-12,"75,300","75,300","75,300","75,300",-
2021-09-13,"76,300","75,100","76,300","75,100",1.17K
2021-09-14,"76,600","77,000","77,700","76,600",3.83K
2021-09-15,"77,000","77,200","77,300","76,500",0.04K
2021-09-16,"76,100","77,300","77,400","76,100",12.88M
2021-09-17,"77,200","76,300","77,200","75,900",15.66M
2021-09-22,"77,200","77,200","77,200","77,200",-
2021-09-23,"77,400","77,500","77,600","76,900",0.49K
2021-09-24,"77,300","77,600","77,700","77,100",11.85M
2021-09-26,"77,300","77,300","77,300","77,300",-
2021-09-27,"77,700","77,300","77,700","77,000",11.63M
2021-09-28,"76,300","77,600","77,600","76,200",0.94K
2021-09-29,"74,100","74,800","75,300","73,800",15.27K
2021-09-30,"74,100","74,300","74,800","73,800",6.44K
2021-10-01,"73,200","73,900","74,000","72,900",15.70M
2021-10-04,"73,200","73,200","73,200","73,200",-
2021-10-05,"72,200","72,900","73,000","71,400",1.12K
2021-10-06,"71,300","72,700","72,800","71,200",8.34K
2021-10-07,"71,600","71,800","72,100","71,300",0.17K
2021-10-08,"71,500","72,300","72,400","71,500",13.97M
2021-10-11,"71,500","71,500","71,500","71,500",-
2021-10-12,"69,000","70,800","70,900","68,700",18.42K
2021-10-13,"68,800","68,700","69,600","68,400",0.57K
2021-10-14,"69,400","69,100","69,800","68,800",0.23K
2021-10-15,"70,100","70,200","71,000","70,000",17.53M
2021-10-17,"70,100","70,100","70,100","70,100",-
2021-10-18,"70,200","70,100","70,300","69,200",1.20K
2021-10-19,"70,600","70,800","71,000","70,400",0.03K
2021-10-20,"70,300","70,800","71,000","70,200",1.54K
2021-10-21,"70,200","70,300","70,600","70,000",2.87K
2021-10-22,"70,400","70,000","70,700","70,000",8.38M
2021-10-24,"70,400","70,400","70,400","70,400",-
2021-10-25,"70,200","70,000","70,600","69,500",0.15K
2021-10-26,"71,100","70,500","71,500","70,400",8.81K
2021-10-27,"70,100","71,000","71,000","70,000",3.67K
2021-10-28,"70,700","69,600","72,100","69,500",2.15K
2021-10-29,"69,800","71,200","71,600","69,700",16.50M
2021-10-31,"69,800","69,800","69,800","69,800",-
